{"cameraMode":{"drawMode":2,"name":"Shaded Wireframe","section":"Shading Mode"},"sceneLighting":true,"audioPlay":false,"sceneViewState":{"showFog":true,"showMaterialUpdate":false,"showSkybox":true,"showFlares":true,"showImageEffects":true,"showParticleSystems":true},"in2DMode":false,"pivot":{"x":-14.235052108764649,"y":-70.04110717773438,"z":40.96845245361328},"rotation":{"x":0.02229328639805317,"y":-0.954978346824646,"z":0.2863413393497467,"w":0.07435127347707749},"size":170.750732421875,"orthographic":false}